Type,Name,Request Count,Failure Count,Median Response Time,Average Response Time,Min Response Time,Max Response Time,Average Content Size,Requests/s,Failures/s,50%,66%,75%,80%,90%,95%,98%,99%,99.9%,99.99%,100%
GET,/health,77,14,17000,14571.358966999962,0.8136349970300216,41184.065264998935,12.272727272727273,0.6475596460417031,0.11773811746212784,17000,19000,19000,19000,20000,20000,25000,41000,41000,41000,41000
POST,/predict,262,59,17000,14560.270845286339,0.6222419979167171,52315.36619100007,242.45801526717557,2.2033847696483924,0.49618206644753876,17000,19000,20000,20000,20000,24000,28000,51000,52000,52000,52000
,Aggregated,339,73,17000,14562.789386206543,0.6222419979167171,52315.36619100007,190.1740412979351,2.850944415690096,0.6139201839096666,17000,19000,19000,20000,20000,23000,28000,50000,52000,52000,52000
