Type,Name,Request Count,Failure Count,Median Response Time,Average Response Time,Min Response Time,Max Response Time,Average Content Size,Requests/s,Failures/s,50%,66%,75%,80%,90%,95%,98%,99%,99.9%,99.99%,100%
GET,/health,353,0,23000,22435.535045260636,9606.031770999834,55790.54173899931,15.0,2.9638643474616386,0.0,23000,23000,24000,24000,24000,24000,54000,55000,56000,56000,56000
POST,/predict,1917,0,23000,22404.42716156079,8809.31603999852,55838.97050200176,311.90662493479397,16.095546612135866,0.0,23000,23000,24000,24000,24000,24000,54000,55000,56000,56000,56000
,Aggregated,2270,0,23000,22409.264643034785,8809.31603999852,55838.97050200176,265.73568281938327,19.059410959597503,0.0,23000,23000,24000,24000,24000,24000,54000,55000,56000,56000,56000
