Type,Name,Request Count,Failure Count,Median Response Time,Average Response Time,Min Response Time,Max Response Time,Average Content Size,Requests/s,Failures/s,50%,66%,75%,80%,90%,95%,98%,99%,99.9%,99.99%,100%
GET,/health,3129,0,6300,5837.428015325989,511.5339439998934,10669.259356000111,15.0,52.99000205645495,0.0,6300,6700,7100,7200,7600,7900,8100,9800,11000,11000,11000
POST,/predict,1031,0,6500,5999.545812048486,550.1173319998998,10667.766622999807,311.8971871968962,17.460112534421555,0.0,6500,6900,7200,7300,7600,7900,8200,10000,11000,11000,11000
,Aggregated,4160,0,6400,5877.6067288887025,511.5339439998934,10669.259356000111,88.58197115384615,70.4501145908765,0.0,6400,6700,7100,7200,7600,7900,8100,9900,11000,11000,11000
