Type,Name,Request Count,Failure Count,Median Response Time,Average Response Time,Min Response Time,Max Response Time,Average Content Size,Requests/s,Failures/s,50%,66%,75%,80%,90%,95%,98%,99%,99.9%,99.99%,100%
GET,/health,284,50,6000,4944.190688095084,0.6193789995450061,11241.24097999993,12.359154929577464,4.809911730834769,0.8468154455695017,6100,6800,7200,7500,8300,8400,8700,8900,11000,11000,11000
POST,/predict,99,23,6200,5317.248232242398,0.9572460003255401,9257.331013999647,240.22222222222223,1.6766945822276134,0.38953510496197075,6200,7000,7400,7800,8500,8700,9100,9300,9300,9300,9300
,Aggregated,383,73,6100,5040.620706033945,0.6193789995450061,11241.24097999993,71.25848563968668,6.486606313062383,1.2363505505314725,6100,6800,7300,7500,8300,8500,8700,9100,11000,11000,11000
