Type,Name,Request Count,Failure Count,Median Response Time,Average Response Time,Min Response Time,Max Response Time,Average Content Size,Requests/s,Failures/s,50%,66%,75%,80%,90%,95%,98%,99%,99.9%,99.99%,100%
GET,/health,391,0,2200,2187.6259664065733,216.91813399957027,3626.0698919977585,15.0,3.281422144828467,0.0,2200,2300,2400,2400,2500,2500,2500,2600,3600,3600,3600
POST,/predict,1996,0,2300,2237.232165836096,173.56932499751565,3739.1849499981618,311.8982965931864,16.75119846822921,0.0,2300,2400,2400,2400,2500,2600,2600,2600,3700,3700,3700
,Aggregated,2387,0,2300,2229.1064750204546,173.56932499751565,3739.1849499981618,263.26518642647676,20.032620613057674,0.0,2300,2400,2400,2400,2500,2500,2600,2600,3600,3700,3700
