Type,Name,Request Count,Failure Count,Median Response Time,Average Response Time,Min Response Time,Max Response Time,Average Content Size,Requests/s,Failures/s,50%,66%,75%,80%,90%,95%,98%,99%,99.9%,99.99%,100%
GET,/health,3191,0,350,354.89545098181645,0.9782890001588385,888.7319390005359,15.0,54.02046928123707,0.0,350,430,470,500,560,610,670,710,890,890,890
POST,/predict,1070,0,410,406.4640544065433,50.40721000023041,888.7741469998218,311.92149532710283,18.11404015384634,0.0,410,480,530,550,610,660,720,740,840,890,890
,Aggregated,4261,0,370,367.84508854681485,0.9782890001588385,888.7741469998218,89.56137057028866,72.13450943508342,0.0,370,440,490,510,580,630,680,720,890,890,890
