Type,Name,Request Count,Failure Count,Median Response Time,Average Response Time,Min Response Time,Max Response Time,Average Content Size,Requests/s,Failures/s,50%,66%,75%,80%,90%,95%,98%,99%,99.9%,99.99%,100%
GET,/health,322,272,30000,24740.449236133547,0.6971889997657854,49639.19776599869,2.329192546583851,1.8276792099952224,1.543878090430747,30000,30000,30000,30000,30000,30000,30000,30000,50000,50000,50000
POST,/predict,966,252,44000,48302.29149118949,0.9360670010210015,120027.4503239998,231.4679089026915,5.483037629985668,1.4303576426049567,44000,58000,68000,73000,120000,120000,120000,120000,120000,120000,120000
,Aggregated,1288,524,30000,42411.8309274255,0.6971889997657854,120027.4503239998,174.1832298136646,7.3107168399808895,2.9742357330357034,30000,49000,58000,63000,91000,120000,120000,120000,120000,120000,120000
