Type,Name,Request Count,Failure Count,Median Response Time,Average Response Time,Min Response Time,Max Response Time,Average Content Size,Requests/s,Failures/s,50%,66%,75%,80%,90%,95%,98%,99%,99.9%,99.99%,100%
GET,/health,133,59,12000,24213.222246849567,1.5899520003586076,80654.34938900034,8.345864661654135,1.3998914049968507,0.6210044578557458,12000,20000,36000,36000,78000,80000,81000,81000,81000,81000,81000
POST,/predict,46,22,11000,25339.564263913213,2.155074000256718,80654.50801900079,163.45652173913044,0.48417296714176794,0.23156098428519337,11000,20000,68000,72000,77000,79000,81000,81000,81000,81000,81000
,Aggregated,179,81,12000,24502.673267994403,1.5899520003586076,80654.50801900079,48.20670391061452,1.8840643721386185,0.8525654421409392,12000,20000,36000,71000,78000,80000,81000,81000,81000,81000,81000
