Type,Name,Request Count,Failure Count,Median Response Time,Average Response Time,Min Response Time,Max Response Time,Average Content Size,Requests/s,Failures/s,50%,66%,75%,80%,90%,95%,98%,99%,99.9%,99.99%,100%
GET,/health,973,388,34000,31454.539621469732,0.8912800003599841,62277.93479799948,9.018499486125386,8.178862196933608,3.261457895591202,34000,40000,48000,49000,51000,56000,60000,61000,62000,62000,62000
POST,/predict,312,132,35000,33038.08598070518,0.8536349996575154,62278.0645640014,180.52884615384616,2.622615627382616,1.1095681500464913,35000,43000,48000,49000,51000,54000,59000,61000,62000,62000,62000
,Aggregated,1285,520,34000,31839.027142155646,0.8536349996575154,62278.0645640014,50.66147859922179,10.801477824316223,4.371026045637693,34000,41000,48000,49000,51000,56000,60000,61000,62000,62000,62000
