Type,Name,Request Count,Failure Count,Median Response Time,Average Response Time,Min Response Time,Max Response Time,Average Content Size,Requests/s,Failures/s,50%,66%,75%,80%,90%,95%,98%,99%,99.9%,99.99%,100%
GET,/health,376,0,9700,9050.306375973452,1551.608172001579,11427.249763000873,15.0,3.1574551937684143,0.0,9700,9800,9900,9900,10000,10000,11000,11000,11000,11000,11000
POST,/predict,1987,0,9700,9100.01751324508,1539.464297999075,11657.236499999271,311.90035228988427,16.685807101111273,0.0,9700,9800,9900,10000,10000,10000,11000,11000,12000,12000,12000
,Aggregated,2363,0,9700,9092.107488863305,1539.464297999075,11657.236499999271,264.65763859500635,19.843262294879686,0.0,9700,9800,9900,10000,10000,10000,11000,11000,12000,12000,12000
