Type,Name,Request Count,Failure Count,Median Response Time,Average Response Time,Min Response Time,Max Response Time,Average Content Size,Requests/s,Failures/s,50%,66%,75%,80%,90%,95%,98%,99%,99.9%,99.99%,100%
GET,/health,2996,0,2500,2294.780174384187,10.338416999729816,5370.647824000116,15.0,50.7022960675441,0.0,2500,2700,2800,2800,2900,3000,3100,3300,5200,5400,5400
POST,/predict,1063,0,2600,2360.0402562144936,61.66407500040805,5370.638276000136,311.9200376293509,17.98949957269672,0.0,2600,2700,2800,2900,3000,3100,3200,3700,5300,5400,5400
,Aggregated,4059,0,2600,2311.870952158421,10.338416999729816,5370.647824000116,92.75954668637596,68.69179564024081,0.0,2600,2700,2800,2800,2900,3000,3200,3300,5300,5400,5400
