Type,Name,Request Count,Failure Count,Median Response Time,Average Response Time,Min Response Time,Max Response Time,Average Content Size,Requests/s,Failures/s,50%,66%,75%,80%,90%,95%,98%,99%,99.9%,99.99%,100%
GET,/health,194,23,20000,17566.81710777847,0.9148259996436536,30011.47750599921,13.221649484536082,1.6290092230058708,0.19312995942853106,20000,22000,23000,25000,28000,30000,30000,30000,30000,30000,30000
POST,/predict,813,39,21000,19675.365698709786,1.1245139976381324,53093.25420599998,297.9261992619926,6.8267242180606855,0.32748123555272657,21000,23000,26000,28000,30000,34000,39000,49000,53000,53000,53000
,Aggregated,1007,62,21000,19269.15077652441,0.9148259996436536,53093.25420599998,243.07745779543197,8.455733441066556,0.5206111949812576,21000,23000,25000,27000,30000,33000,39000,48000,52000,53000,53000
